{
  "isolation_forest": {
    "tau_low": 0.03,
    "tau_high": 0.18,
    "binary": {
      "fpr": 0.0,
      "tpr": 0.9999999999767443,
      "fp": 0,
      "tn": 23319,
      "tp": 43,
      "fn": 0,
      "precision_attack": 0.9999999999767443,
      "recall_attack": 0.9999999999767443,
      "specificity": 0.9999999999999571,
      "npv": 0.9999999999999571,
      "f1_attack": 0.9999999994767443,
      "accuracy": 0.9999999999999571,
      "mcc": 1.0
    },
    "rzdu": {
      "rzdu": 0.9991208901615051,
      "rzdu_weighted_penalty": 21.0,
      "rzdu_max_penalty": 23887.800000000007,
      "rzdu_total_weight": 23492.0
    },
    "score": [
      0.8996442370261536,
      0.9999999994767443,
      0.9991208901902563,
      -0.0,
      -0.0
    ]
  },
  "static_rules": {
    "tau_low": 0.08,
    "tau_high": 0.45,
    "binary": {
      "fpr": 0.3011707191560401,
      "tpr": 0.37209302324716065,
      "fp": 7023,
      "tn": 16296,
      "tp": 16,
      "fn": 27,
      "precision_attack": 0.002273050149168593,
      "recall_attack": 0.37209302324716065,
      "specificity": 0.698829280843917,
      "npv": 0.9983458922991485,
      "f1_attack": 0.004518497587477143,
      "accuracy": 0.6982278914476201,
      "mcc": 0.006625467873604029
    },
    "rzdu": {
      "rzdu": 0.7659725885179981,
      "rzdu_weighted_penalty": 5590.4000000000015,
      "rzdu_max_penalty": 23887.800000000007,
      "rzdu_total_weight": 23492.0
    },
    "score": [
      0.21233984459334695,
      0.004518497587477143,
      0.7659725798193704,
      -0.3011707191560401,
      -0.15597979625032102
    ]
  },
  "logistic_regression": {
    "tau_low": 0.08,
    "tau_high": 0.45,
    "binary": {
      "fpr": 0.43784038766669076,
      "tpr": 0.5813953488236885,
      "fp": 10210,
      "tn": 13109,
      "tp": 25,
      "fn": 18,
      "precision_attack": 0.0024425989252562343,
      "recall_attack": 0.5813953488236885,
      "specificity": 0.5621596123332663,
      "npv": 0.9986287803762475,
      "f1_attack": 0.004864759672538439,
      "accuracy": 0.5621950175498432,
      "mcc": 0.012401685935275318
    },
    "rzdu": {
      "rzdu": 0.5640661760396704,
      "rzdu_weighted_penalty": 10413.500000000002,
      "rzdu_max_penalty": 23887.800000000007,
      "rzdu_total_weight": 23492.0
    },
    "score": [
      0.14914499301537207,
      0.004864759672538439,
      0.5640661902968764,
      -0.43784038766669076,
      -0.003424364352367093
    ]
  },
  "random_forest": {
    "tau_low": 0.12,
    "tau_high": 0.45,
    "binary": {
      "fpr": 0.11895878897036241,
      "tpr": 0.09302325581179016,
      "fp": 2774,
      "tn": 20545,
      "tp": 4,
      "fn": 39,
      "precision_attack": 0.0014398848092147445,
      "recall_attack": 0.09302325581179016,
      "specificity": 0.8810412110295947,
      "npv": 0.9981053245238536,
      "f1_attack": 0.0028358737735927728,
      "accuracy": 0.8795907884598545,
      "mcc": -0.003434419662790691
    },
    "rzdu": {
      "rzdu": 0.8927779033649021,
      "rzdu_weighted_penalty": 2561.2999999999993,
      "rzdu_max_penalty": 23887.800000000007,
      "rzdu_total_weight": 23492.0
    },
    "score": [
      0.2533256926172766,
      0.0028358737735927728,
      0.8927779048275373,
      -0.11895878897036241,
      -0.05988357161201952
    ]
  },
  "mlp_softmax": {
    "tau_low": 0.03,
    "tau_high": 0.18,
    "binary": {
      "fpr": 0.9999999999999571,
      "tpr": 0.9999999999767443,
      "fp": 23319,
      "tn": 0,
      "tp": 43,
      "fn": 0,
      "precision_attack": 0.0018405958393972331,
      "recall_attack": 0.9999999999767443,
      "specificity": 0.0,
      "npv": 0.0,
      "f1_attack": 0.00367442853724207,
      "accuracy": 0.0018405958393972331,
      "mcc": 0.0
    },
    "rzdu": {
      "rzdu": 0.02293220807278129,
      "rzdu_weighted_penalty": 23340.0,
      "rzdu_max_penalty": 23887.800000000007,
      "rzdu_total_weight": 23492.0
    },
    "score": [
      -0.09146683515339236,
      0.00367442853724207,
      0.02293224002776162,
      -0.9999999999999571,
      -0.0
    ]
  },
  "deqzt": {
    "beta_u": 0.25,
    "tau_low": 0.03,
    "tau_high": 0.18,
    "u_thr": 0.011162474751472473,
    "min_stepup_risk": 0.05,
    "binary": {
      "fpr": 0.0,
      "tpr": 0.9999999999767443,
      "fp": 0,
      "tn": 23319,
      "tp": 43,
      "fn": 0,
      "precision_attack": 0.9999999999767443,
      "recall_attack": 0.9999999999767443,
      "specificity": 0.9999999999999571,
      "npv": 0.9999999999999571,
      "f1_attack": 0.9999999994767443,
      "accuracy": 0.9999999999999571,
      "mcc": 1.0
    },
    "rzdu": {
      "rzdu": 0.9991208901615051,
      "rzdu_weighted_penalty": 21.0,
      "rzdu_max_penalty": 23887.800000000007,
      "rzdu_total_weight": 23492.0
    },
    "score": [
      0.8996442370261536,
      0.9999999994767443,
      0.9991208901902563,
      -0.0,
      -0.0
    ],
    "lambda": 0.0
  }
}